AgeGroup,Standard Population Count,Standard Population Weight
12-34,11469442,0.352019533
35-49,7227748,0.221833676
50-64,7749632,0.237851313
65-74,3529377,0.10832346
75+,2605635,0.079972018
